{
  "normalized_points": [
    [0.801778, 0.683081],
    [0.658996, 0.631313],
    [0.658996, 1.0],
    [0.801778, 1.0]
  ],
  "reference_size": {
    "width": 1912,
    "height": 792
  }
}
